Model,Accuracy,Precision,Recall,F1-Score,ROC-AUC
Logistic Regression,0.992274550586837,0.9965264376688537,0.9836190476190476,0.9900306748466258,0.9993665019831605
XGBoost,0.9878175605407815,0.9918762088974855,0.9767619047619047,0.9842610364683302,0.9987220559923922
Random Forest,0.9760808200861685,0.9924060751398881,0.9459047619047619,0.9685976204408036,0.9954068610395936
Naive Bayes,0.9554300995394444,0.9567779960707269,0.9276190476190476,0.941972920696325,0.9891170644585159
